id,name,kingdom,cost,rating,武力_基础,武力_成长,智力_基础,智力_成长,统率_基础,统率_成长,速度_基础,速度_成长,政治_基础,政治_成长,魅力_基础,魅力_成长,骑兵,盾兵,弓兵,枪兵,器械,自带战法名称,自带战法类型,自带战法品质,自带战法发动概率,自带战法效果,传承战法名称,传承战法类型,传承战法品质,传承战法发动概率,传承战法效果
wei1,SP荀彧,魏,7,5,14,0.34,95,2.63,62,1.84,61,1.02,98,2.7,93,2.12,S,B,A,A,C,机鉴先识,指挥,S,100%,准备回合使我军群体（2-3人）获得2次警戒，随后每回合有21%概率（受智力影响）使我军群体（2-3人）获得1次警戒（持续3回合，可重复获得4次）：受到的伤害超过自身可携带最大兵力的6%时（最低100兵力），使该次伤害降低20%（受智力影响）并消耗一次警戒：自身为主将时，战斗前2回合，使我军全体受到缴械、计穷、混乱、晨慑状态时，有37.5％概率同时施加给敌军单体，每回合每人最多生效一次,,,,,
wei2,贾诩,魏,7,5,48,0.23,97,2.65,88,1.77,43,0.62,0,0,0,0,S,A,S,C,A,神机莫测,主动,S,35%,使敌军单体混乱2回合，并对自身外的敌我全体依次判定：若未混乱则有25%概率使其混乱2回合；友军已混乱时，解除其负面状态（自身为主将时，提高其6%造成伤害，受智力影响，持续2回合）；敌军已混乱时，对其造成谋略攻击（伤害率87.5％，受智力影响）,,,,,
wei3,司马懿,魏,7,5,63,0.42,98,2.67,98,2.06,39,0.82,0,0,0,0,A,S,A,S,A,鹰视狼顾,指挥,S,100%,战斗前4回合，每回合有80%概率使自身获得3.5%攻心或奇谋几率（每种效果最多叠加2次）；第5回合起，每回合有80%概率对1-2个敌军单体造成谋略伤害（伤害率77%，受智力影响）；自身为主将时，获得8％奇谋几率,,,,,
wei4,曹操,魏,7,5,72,1.33,91,1.94,99,2.7,64,1.18,0,0,0,0,S,S,A,A,B,乱世奸雄,指挥,S,100%,战斗中，使友军群体（2人）造成的兵刃伤害和谋略伤害提高8%（受智力影响），自己受到的兵刃伤害和谋略伤害降低9%（受智力影响），如果自己为主将，副将造成伤害时，会为主将恢复其伤害量10%的兵力,梦中弑臣,指挥,S,100%,战斗前2回合，如果自己为主将，则使随机副将为自己分担20%伤害。战斗第3回合起，自己行动时如果有负面状态，则获得25%概率反击状态（伤害率150%），直到战斗结束
wei5,张辽,魏,7,5,92,2.33,78,1.29,95,1.32,78,1.49,0,0,0,0,S,A,B,S,B,陷阵突袭,被动,S,100%,战斗中，使自己的普道攻击目标有34%几率锁定为敌军主将，自身突击战法的发动几率提高7.5%井使自己成功发动突击战法后，对目标额外发动一次兵刃攻击（伤害率47.5%；自身为主将时，获得3%倒戈,,,,,
wei6,SP乐进,魏,6,5,85,2.06,56,0.72,80,1.77,68,1.17,51,0.31,65,0.31,S,A,B,S,S,同战身先,主动,S,70%,使我军全体获得1次抵御，并使我军随机武将1回合内受到普通攻击后有17.5%一35%概率（受统率影响）对敌军单体造成一次兵刃伤害（伤害率10%一20%，可触发由普通攻击触发的效果）；该战法每次发动后发动率降低10%但自身速度提升10%一20%,,,,,
wei7,SP典韦,魏,6,5,95,2.62,35,0.19,72,1.83,72,1.25,29,0.1,58,0.12,B,S,C,A,C,舍身救主,被动,S,100%,战斗中，自身受到伤害降低90%，每次受到伤害后，该效果降低3%；该效果降低5次后，自身受到伤害时有35%概率（受统率影响）视为2次（可额外触发反击、急救等效果）,,,,,
wei8,SP许褚,魏,6,5,96,2.65,36,0.37,74,1.51,70,1.09,20,0.1,59,0.54,A,S,B,S,C,虎侯,指挥,S,100%,战斗中，友军群体发动或受到普通攻击时，自身有22.5%-45%概率使我军全体统率提升7.5-15.点，可叠加5次，持续2回合，并对敌军单体造成兵刃伤害（伤害率33%-66％）,,,,,
wei9,SP曹真,魏,6,5,74,1.18,70,1.82,81,2.28,56,0.8,72,0.46,88,0.43,S,S,B,A,C,渊然难测,指挥,S,100%,战斗中，我军群体（2-3人）受到普通攻击时，有25%一50%概率（受统率影响，自身为主将时，基础概率提升至30%-60%）使伤害来源受到伤害提升3%一6%（受统率影响），可叠加3次；首回合触发时，若伤害来源武将武力高于智力，则使其进入缴械状态，否则使其进入计穷状态，持续2回合,,,,,
wei10,SP刘晔,魏,6,5,32,0.34,92,2.45,56,1.71,34,0.47,73,1.35,69,0.41,S,C,S,B,S,计定谋决,被动,S,100%,偷取敌方智力最高武将12-24点智力（受智力影响）；且每当自身试图发动主动战法前，恢复我军单体一定兵力（治疗率32%-64%，受智力影响）,,,,,
wei11,SP庞德,魏,6,5,94,2.31,75,0.99,89,1.76,35,0.41,44,0.27,70,0.5,A,B,S,B,B,死战不退,被动,S,100%,战斗中，使自己免疫混乱；自身受到伤害时，有80%概率获得一层蓄威效果，可积攒20层；普攻后，有50%概率（受武力影响）消耗一层蓄成对敌军单体造成一次兵刃伤害（伤害率65%一130%），触发后可继续判定，每次触发后几率降低8%，每次普攻后最多触发5次,,,,,
wei12,SP郭嘉,魏,6,5,15,0.23,96,2.64,88,1.81,83,1.03,0,0,0,0,S,A,A,B,B,经天纬地,指挥,S,100%,战斗中，我军全体发动主动战法及突击战法时，自身有35％概率（受智力影响）会对敌军全体发动谋略攻击（伤害率50％，受智力影响），若由自身触发，则额外有50%概率使我军群体（2人）获得5%攻心（造成谋略伤害时，恢复自身基于伤害量的一定兵力），持续2回合，可叠加3次攻心值；自身为主将时，攻心效果提高至10％,,,,,
wei13,马钧,魏,6,5,17,0.32,71,1.73,22,1.01,35,0.99,60,1.34,80,2.11,C,C,C,C,S,天下名巧,内政,S,,武将委任为使臣时，高阶奖励几率提升4.5%-19%,,,,,
wei14,王异,魏,6,5,51,0.41,82,2.05,73,1.71,49,0.59,68,0.87,73,1.66,A,B,S,C,B,至柔动刚,指挥,S,100%,战斗中，敌我全体普通攻击伤害降低17.5%一35%，自身受到伤害时有25%一50%概率（受智力影响）偷取伤害来源5-10点属性（智力、统率、速度中的随机一种，受智力影响，可叠加，持续5回合）；我军全体普通攻击后，自身有25%-50%概率（受智力影响）对敌军单体造成一次谋略伤害（伤害率53%一106％，受智力影响）,,,,,
wei15,陈群,魏,6,5,14,0.87,75,1.36,32,0.94,54,0.75,96,2.62,73,0.99,C,B,B,C,C,清流雅望,内政,S,,武将委任为冶铁官时，铁矿产量提升1.5%,,,,,
wei16,曹植,魏,6,5,22,0.72,81,1.78,33,1.01,35,0.99,70,1.67,80,2.3,B,B,C,C,B,七步成诗,内政,S,,武将委任为锻造官时，提升锻造出高阶装备的几率4.5%,,,,,
wei17,许褚,魏,6,5,96,2.65,36,0.37,74,1.51,70,1.09,0,0,0,0,A,S,B,S,C,虎痴,被动,S,100%,战斗中，每回合选择一名敌军单体，自身发动的所有攻击都会锁定该目标，对其造成的伤害提高16.5%，如果击败目标会使自身获得破阵状态（造成伤害时无视目标的统率和智力），直到战斗结束,,,,,
wei18,张郃,魏,6,5,89,2.07,73,0.94,89,1.42,31,0.6,0,0,0,0,A,S,B,S,A,大戟士-自带,兵种,S,100%,将枪兵进阶为横冲直撞的大戟士：我军全体武力提高7点，进行普通攻击时，有35%儿率对敌军单体造成兵刃伤害（伤害率61%）；若张郃统领，则发动几率提高为40%,,,,,
wei19,郝昭,魏,6,5,79,1.65,78,1.67,86,1.95,47,0.61,0,0,0,0,B,S,A,B,S,金城汤池,指挥,S,100%,无法发动普通攻击（无法被净化），每2回合轮流执行：治疗我军群体（2人，治疗率49％，受智力影响）；对敌军群体造成兵刃伤害（伤害率51%）及灼烧状态，每回合持续造成伤害（伤害率36%，受智力影响），持续1回合,,,,,
wei20,曹仁,魏,6,5,86,1.26,62,1.02,89,2.31,23,0.43,0,0,0,0,A,S,B,A,C,固若金汤,主动,S,55%,使自己获得洞察（免疫所有控制效果）状态并嘲讽（强迫目标普通攻击自己）敌军全体，同时提高自身75统率，持续2回合,,,,,
wei21,甄姬,魏,6,5,4,0.31,72,1.07,35,0.87,41,0.46,66,1.22,94,2.66,C,C,B,C,C,花容月貌,内政,S,,武将委任为练兵使时，练兵获得经验提升3%,,,,,
wei22,程昱,魏,6,5,49,0.41,90,2.32,70,1.36,44,0.59,0,0,0,0,S,C,A,C,A,十面埋伏,主动,S,35%,对有负面状态的敌军造成谋略攻击（伤害率48%，受智力影响），随后对敌军群体（2人）施加禁疗（无法恢复兵力）及叛逃状态，每回合持续造成伤害（伤害率37%，受武力或智力最高一项影响，无视防御），持续2回合,,,,,
wei23,荀彧,魏,6,5,14,0.54,95,2.38,62,0.74,61,0.41,98,2.7,93,2.12,C,C,B,C,C,王佐之才,内政,S,,提升武将36政治,,,,,
wei24,荀攸,魏,6,5,26,0.18,94,2.36,73,1.75,49,0.68,0,0,0,0,S,B,S,C,B,十二奇策,主动,S,35%,移除敌军群体（1-2）人增益状态，提高我军全体1回合3%主动战法发动几率（受智力影响）并使其下次发动主动战法后，对敌军单体造成谋略伤害（伤害率51％，受智力影响）,,,,,
wei25,典韦,魏,6,5,95,2.62,35,0.19,72,1.36,72,1.25,0,0,0,0,B,S,C,A,C,古之恶来,指挥,S,100%,我军主将即将受到普通攻击时，自身对攻击者进行一次猛击（伤害率40%）并使其造成兵刃伤害降低9%，持续1回合，随后为我军主将承担此次普通攻击,,,,,
wei26,徐晃,魏,6,5,90,2.09,78,1.28,91,1.47,61,0.73,0,0,0,0,A,S,C,A,B,长驱直入,被动,S,100%,战斗中，每次造成兵刃伤害后，使自己造成的兵刃伤害提升7.5%，最大叠加5次,,,,,
wei27,夏侯惇,魏,6,5,90,2.1,63,0.84,92,2.07,66,1.18,0,0,0,0,S,S,C,A,B,刚烈不屈,被动,S,100%,战斗中，使自己统率提升19点，受到兵刃伤害时有40%几率对敌军群体（2人）造成兵刃伤害（伤害率42%）,,,,,
wei28,钟会,魏,6,5,51,0.84,91,2.01,82,1.88,75,1.26,0,0,0,0,A,B,S,A,A,精练策数,主动,S,35%,准备1回合，对敌军群体（2-3人）造成谋略攻击（伤害率105%，受智力影响），并缴械（无法进行普通攻击），持续2回合,,,,,
wei29,满宠,魏,5,5,64,0.92,82,2.08,85,1.95,61,1.08,0,0,0,0,A,S,A,B,A,镇扼防拒,指挥,S,100%,每回合有50%概率（受智力影响）使我军单体（优先选除自己之外的副将）援护所有友军并获得休整状态（每回合恢复一次兵力，治疗率96%，受智力影响），持续1回合，同时使其在1回合内受到普通攻击时，有27.5％概率（受智力影响）移除攻击者的增益状态,,,,,
wei30,王双,魏,5,5,88,2.35,19,0.27,67,1.44,67,0.89,0,0,0,0,A,S,C,A,C,震骇四境,主动,S,40%,发动2次对敌军单体的兵刃攻击（伤害率89%），分别造成使其首次受到兵刃伤害提高15%（受物理影响）及计穷（无法发动主动战法）状态，持续1回合，每次目标独立选择,,,,,
wei31,王元姬,魏,5,5,37,0.37,73,2.01,53,1.93,57,1,0,0,0,0,A,B,A,S,C,垂心万物,指挥,S,100%,战斗中，奇数回合有35%概率（受智力影响）使我军武力最高的武将造成兵刃伤害提高10%（受智力影响，持续到其行动前），若目标不处于连击状态则令其尝试对敌军单体发动一次普通攻击，否则自身对敌军单体造成谋略伤害（伤害率94%，受智力影响），偶数回合有35%概率（受智力影响）恢复我军群体（2人）兵力（治疗率43％，受智力影响）,,,,,
wei32,曹纯,魏,5,5,71,1.72,63,0.79,75,1.34,52,0.47,0,0,0,0,S,C,B,B,C,虎豹骑-自带,兵种,S,100%,将骑兵进阶为天下骁锐的虎豹骑：我军全体提高20武力，战斗前3回合，我军全体突击战法发动率提高5％，若曹纯统领时，提升的发动概率额外受武力影响,,,,,
wei33,于禁,魏,5,5,78,2.01,74,0.85,83,1.14,35,0.59,0,0,0,0,A,S,B,A,C,持军毅重,主动,S,35%,使自己下次受到兵刃伤害提高40％，持续一回合，提高自身28点武力，持续3回合，并对敌军群体（2人）造成猛烈一击（伤害率92％）,,,,,
wei34,乐进,魏,5,5,85,2.06,56,0.72,80,1.77,68,1.17,0,0,0,0,S,A,B,S,S,临战先登,主动,S,35%,对敌军群体（2人）造成兵刃攻击（伤害率75%），之后自己进入虚弱状态（无法造成伤害），持续1回合,,,,,
wei35,邓艾,魏,5,5,87,1.47,89,1.66,93,1.79,74,1.11,0,0,0,0,A,B,A,S,S,暗度陈仓,主动,S,40%,准备1回合，对敌军单体造成谋略攻击（伤害率260%，受智力影响）并使其进入震慑状态（无法行动），持续2回合,,,,,
wei36,夏侯渊,魏,5,5,91,2.36,68,0.84,90,1.28,75,1.33,0,0,0,0,S,B,S,B,A,将行其疾,突击,S,35%,普通攻击之后，对随机敌军单体发动一次兵刃攻击（伤害率158%）；若命中敌军主将，则使其进入计穷（无法发动主动战法）状态，持续2回合,,,,,
wei37,庞德,魏,6,5,94,2.31,75,0.83,89,1.05,35,0.57,0,0,0,0,A,B,S,B,B,抬棺决战,主动,S,35%,准备1回合，移除敌军群体（2人）的增益效果，随后造成兵刃攻击（伤害率127.5%）,,,,,
wei38,郭嘉,魏,5,5,15,0.21,96,2.64,88,1.42,83,1.21,0,0,0,0,A,A,A,B,B,十胜十败,指挥,S,100%,战斗前2回合，使我军主将获得洞察（免疫所有控制效果）状态，受到的伤害降低25%,,,,,
wei39,曹丕,魏,4,5,71,0.92,83,1.85,70,1.34,56,1.04,86,2.4,82,1.05,A,A,S,C,C,戮力上国,内政,S,,委任为主政官时，城建设施升级时间降低15%,,,,,
wei40,张春华,魏,3,5,49,0.4,79,1.98,60,1.34,48,0.63,0,0,0,0,A,A,A,C,B,沉断机谋,主动,S,40%,使敌军群体（2人）统率、智力降低30%，持续2回合，并造成谋略伤害（伤害率78％，受智力影响）,,,,,
shu1,SP关羽,蜀,7,5,97,2.68,79,1.05,97,2.04,74,1.3,62,0.5,93,1.36,S,A,C,S,C,水淹七军,主动,S,50%,对敌军群体（2人）施加水攻效果（伤害率96%，受武力影响，自身为主将时，伤害率提升至108%），持续2回合；第二次及之后施放前，使敌军群体（2-3人）受到兵刃伤害提升20%（受武力影响），持续1回合；第三次及之后施放时，有40%概率（受武力影响）立即结算敌军全体身上的水攻伤害且不清除状态；第四次施放后，对有水攻状态的敌军造成兵刃伤害（伤害率208%）,,,,,
shu2,刘备,蜀,7,5,77,1.36,78,1.67,81,1.98,41,1.05,80,1.31,99,2.7,S,S,A,A,C,仁德载世,指挥,S,100%,每回合治疗我军群体（2人，治疗率34％，受智力影响），并使其受到伤害降低4％，持续1回合，且有5%概率对敌军单体施加虚弱（无法造成伤害）状态，持续1回合，自身为主将，施加虚弱状态的概率提高至12.5%,义心昭烈,指挥,S,100%,战斗中，自身造成治疗效果时，使目标受到主动战法伤害降低7％（受智力影响），持续1回合，当自身兵力首次低于30%时，使我军全体受到伤害时会分摊25%伤害，持续1回合
shu3,庞统,蜀,7,5,34,0.52,97,2.61,85,1.33,34,0.79,0,0,0,0,C,B,S,A,B,连环计,主动,S,70%,准备1回合，对敌军全体施放铁索连环，使其任一目标受到伤害时会反馈7.5％（受智力影响）伤害给其他单位，持续2回合，并发动谋略攻击（伤害率78％，受智力影响）,,,,,
shu4,马超,蜀,7,5,97,2.65,44,0.76,93,1.25,78,1.17,0,0,0,0,S,B,B,S,B,槊血纵横,被动,S,100%,战斗中，使自己获得17点武力及27%群攻（普通攻击时对目标同部队其他武将造成伤害）效果，自身为主将时，群攻值为30％,,,,,
shu5,诸葛亮,蜀,7,5,38,0.41,100,3,98,2.36,37,0.55,0,0,0,0,C,B,S,S,S,神机妙算,指挥,S,100%,敌军群体（2人）发动主动战法时，有25%几率令其失败并对其造成谋略伤害（伤害率100％，受智力影响），自身为主将时，该次伤害会基于双方智力之差额外提高,舌战群儒,指挥,S,100%,敌军尝试发动主动战法时，有15%几率令其发动几率降低5%（受智力影响），并提高自己及随机友军主动战法2％（受智力影响）发动几率，持续1回合
shu6,关羽,蜀,7,5,97,2.68,79,1.05,97,2.04,74,1.3,0,0,0,0,S,A,C,S,C,威震华夏,主动,S,35%,准备1回合，对敌军全体进行猛攻（伤害率146%），使其有50%概率进入繳械（无法进行普通攻击）、计穷（无法发动主动战法）状态，独立判定，持续1回合，并使自己造成的兵刃伤害提升36%，持续2回合；自身为主将时，造成控制效果的概率提高为65%,,,,,
shu7,SP黄忠,蜀,6,5,93,2.3,65,1.07,90,1.82,52,0.81,52,0.46,75,0.54,A,S,S,A,C,定军斩将,主动,S,35%,1回合准备，对敌军全体造成兵刃伤害（伤害率98%-196%）并使其造成伤害降低16%-32%（受武力影响），持续2回合，随后使我军全体2回合内免疫计穷,,,,,
shu8,SP法正,蜀,6,5,47,0.23,94,2.49,82,1.6,71,0.55,78,0.8,55,0.77,B,S,A,A,A,虚实奇谋,指挥,S,100%,"战斗中,若我军主将当前兵种适性为A，则使其战斗属性提升4→8%(受智力影响)，若为S，则使其自带主动战法发动率提升4-8%(受智力影响):且每回合有25-50%概率(受智力影响)使我军群体(2-3人)进入1回合刚毅状态:17.5→35%概率(受智力影响)不受负面状态影响。",,,,,
shu9,SP诸葛亮,蜀,6,5,38,0.41,100,3,98,1.79,37,0.93,0,0,0,0,C,B,S,S,S,锦囊妙计,指挥,S,100%,战斗中，奇数回合有14%概率（受智力影响），偶数回合有35%概率（受智力影响）使友军单体的自带主动战法发动率提高100%且有12.5%概率跳过1回合准备，持续1回合；自身为主将时，触发时额外对敌军单体造成谋略伤害（伤害率22.5%，受智力及双方智力差影响）并使跳过概率提高至40%,,,,,
shu10,伊籍,蜀,6,5,24,0.32,80,2.25,29,1.67,49,0.49,86,0.8,78,1.01,S,B,B,A,C,才辩机捷,被动,S,100%,使自身施加的灼烧、水攻、中毒、溃逃、沙暴、叛逃状态伤害提高45%，休整和急救的恢复量提高15%,,,,,
shu11,严颜,蜀,6,5,81,1.83,73,1.35,80,1.88,51,0.81,0,0,0,0,B,A,S,A,B,誓守无降,主动,S,35%,准备1回合，使我军群体（2人）进入洞察（免疫所有控制效果）状态，持续2回合，并使自身2回合内受到下一次谋略伤害时，计穷（无法发动主动战法）敌军主将，持续2回合,,,,,
shu12,张苞,蜀,6,5,87,2.34,48,0.59,78,1.72,60,1.06,0,0,0,0,A,A,B,S,C,枪舞如风,主动,S,40%,使自身及友军单体获得2次抵御，持续1回合，并使自身本回合发动普通攻击后，对敌军造成兵刃伤害（伤害率120%）及掠阵状态：掠阵状态叠加两次时，移除掠阵状态并使自身提高20点武力，可叠加；若与关兴同时出战，则友军单体必定选择关兴,,,,,
shu13,关兴,蜀,6,5,86,2.3,67,0.94,76,1.63,59,1.02,0,0,0,0,A,A,B,S,C,刀出如霆,主动,S,40%,准备1回合，自身及友军单体获得15%倒戈，持续2回合，并对敌军造成兵刃伤害（伤害率150%，由敌军全体武将评分，敌军每有1名副将总伤害率提高60％及掠阵状态：掠阵状态叠加两次时，移除掠阵状态并使目标受到兵刃伤害提高15%，可叠加；若与张苞同时出战，友军单体必定选择张苞,,,,,
shu14,马岱,蜀,6,5,85,2.09,62,1.04,79,1.39,66,1.19,54,0.54,74,0.81,S,S,B,A,B,密计诛逆,指挥,S,100%,战斗中，我军主将造成伤害（大于300）后，有25%一50%概率使敌军单体造成最终伤害降低7.5%一15%（受统率影响，持续2回合，可叠加3次），且前2回合有25%一50%概率（受统率影响）今主将对敌军全体造成1次兵刃伤害（伤害率12.5%—25%，受主将统率影响）；战斗第6回合，自身对敌军单体造成斩杀伤害（伤害率100%+12.5%-25%*最终降伤施加次数）,,,,,
shu15,关银屏,蜀,6,5,78,2.09,42,0.76,73,1.97,65,1.21,0,0,0,0,S,B,C,S,C,将门虎女,主动,S,50%,对敌军群体（2人）造成兵刃伤害（伤害率64%）及虎嗔效果；下1回合受到额外兵刃伤害（伤害率10%，目标每次受到伤害时，伤害率提高15％，最多叠加3次），若目标在虎嗔效果期间受到3次伤害时，立即结算虎嗔效果并额外造成1回合震慑，并使自己造成的兵刃伤害提升4%（兵刃伤書提升效果可叠加）,,,,,
shu16,马云禄,蜀,6,5,77,2.09,55,1.01,85,1.43,53,0.79,0,0,0,0,S,C,B,A,C,鸱苕凤姿,被动,S,100%,普通攻击伤害提高30%（受目标损失兵力影响），战斗第5回合时，锁定敌方兵力最低单体直到战斗结束，并且普通攻击时有35%概率使目标进入禁疗（无法恢复兵力）状态，持续1回合,,,,,
shu17,陈到,蜀,6,5,71,1.62,67,1.58,76,0.72,53,0.95,0,0,0,0,C,B,B,S,B,白毦兵-自带,兵种,S,100%,将枪兵进阶为攻无不破的白毦兵：我军全体战斗中普通攻击后有20％概率对攻击目标再次发起一次谋略攻击（伤害率55%，受智力影响）；若陈到统领，则谋略攻击更为强力（伤害率65％，受智力影响）,,,,,
shu18,姜维,蜀,6,5,89,2.01,90,2.03,92,2.05,64,1.01,0,0,0,0,S,A,S,A,C,义胆雄心,被动,S,100%,战斗中，奇数回合会对敌军单体造成92%兵刃伤害并降低武力32点，持续2回合，偶效回合会对敌军群体（2人）造成38%谋略伤害（受智力影响）并降低智力17点，持续2回合；自身为主将时，降低属性效果受自身对应属性影响,,,,,
shu19,魏延,蜀,6,5,92,2.37,72,1.17,85,1.49,55,1.04,0,0,0,0,A,S,B,S,C,奇兵间道,被动,S,100%,战斗中，自身发动准备战法时，有75%几率（受武力影响）减少1回合准备时间，战斗前4回合，主动战法造成的伤害提高15%（受武力影响），第5回合时，若自身兵力低于50%，获得22.5%倒戈，直到战斗结束,,,,,
shu20,黄忠,蜀,6,5,93,2.3,65,1.07,90,1.16,52,0.81,0,0,0,0,A,S,S,A,C,百步穿杨,主动,S,35%,准备1回合，提高自身12.5%会心几率（触发时兵刃伤害提高100%），持续2回合，随后对敌军全体造成兵刃伤害（伤害率90%），若目标处于控制状态，则该次兵刃攻击更为强力（伤害率120%）,,,,,
shu21,赵云,蜀,6,5,96,2.62,77,0.96,96,2.06,70,1.11,0,0,0,0,S,A,A,S,C,一身是胆,被动,S,100%,战斗中，使自己获得洞察状态（免疫所有控制效果），武力、智力、速度、统率提升20点，自身为主将时，提升值为25点,,,,,
shu22,张飞,蜀,6,5,98,2.69,30,0.22,94,1.69,70,1.26,0,0,0,0,A,S,C,S,C,燕人咆哮,被动,S,100%,战斗第2、4回合，对敌军全体造成兵刃攻击（伤害率52%）；若目标处于缴械状态，则额外使目标统率降低25%，持续2回合，自身为主将时，降低统率效果额外对计穷状态的目标生效,,,,,
shu23,蒋琬,蜀,5,5,34,0.72,84,1.46,78,0.73,61,0.62,93,2.39,81,1.19,B,C,S,C,S,克遵画一,内政,S,,武将委任为采石官时，石料产量提升1.5%,,,,,
shu24,王平,蜀,5,5,79,1.3,76,1.25,83,1.44,55,0.85,0,0,0,0,B,B,S,C,C,无当飞军-自带,兵种,S,100%,将弓兵进阶为矢不虚发的无当飞军：我军全体统率、速度提高11点，首回合对敌军群体（2人）施加中毒状态，每回合持续造成伤害（伤害率40％，受智力影响），持续3回合；若王平统领，对敌军全体施加中毒状态，但伤害率降低（伤害率33％，受智力影响）,,,,,
shu25,徐庶,蜀,5,5,64,0.3,93,2.33,87,1.29,48,0.51,0,0,0,0,S,B,A,B,B,处兹不惑,主动,S,35%,使敌军群体（2人）有30%几率随机获得灼烧（受智力影响）、中毒（受智力影响）、溃逃（受武力影响）状态，每回合持续造成伤害（伤害率70%），每种状态独立判定，持续2回合,,,,,
shu26,SP黄月英,蜀,4,5,31,0.03,88,2.1,58,1.35,66,0.97,87,0.71,79,0.86,C,C,C,C,S,蕙质兰心,指挥,S,100%,战斗中，我军全体统率提升10-120（受各自智力影响），且自身获得7层兰心效果，每层使自身造成和受到伤害降低5%-10%；自身受到伤害时，消耗1层兰心效果并有50%概率（受智力影响）治疗我军单体（治疗率111%-222%，受智力影响），兰心首次降至4层时，敌我全体造成的兵刃伤害降低10%一20%（受智力影响）,,,,,
shu27,张姬,蜀,4,5,61,1.23,37,1.07,20,1.04,67,1.36,0,0,0,0,A,B,B,S,C,奋矛英姿,被动,S,100%,每次普通攻击后，降低敌方7.5统率，将其转化为自身的武力，直到战斗结束，每第4次普通攻击时，伤害提高50%并对敌军全体造成伤害,,,,,
shu28,黄月英,蜀,4,5,31,0.46,88,2.01,58,1.35,66,1.07,0,0,0,0,C,C,C,C,S,工神,指挥,S,100%,战斗前3回合，使我军全体获得先攻（优先行动）状态，我军主将造成伤害提升15%，我军副将造成伤害提升7.5%；第4回合开始，我军全体造成伤害降低15%，持续2回合,,,,,
shu29,法正,蜀,4,5,47,0.32,94,2.09,82,1.01,71,0.68,0,0,0,0,B,S,A,A,A,以逸待劳,主动,S,35%,治疗我军群体（2人，治疗率77%，受智力影响），并使其下3次受到伤害分别降低（25%、18.8%、12.5%，受智力影响），且下次受到控制状态时有25％（受智力影响）几率免疫,,,,,
wu1,SP孙坚,吴,7,5,90,1.95,79,0.83,94,2.32,34,0.15,73,0.35,91,1.13,A,S,S,A,C,奉令平虏,指挥,S,100%,战斗中，友军获得功能性增益时有17.5%-35%概率（受统率影响，自身为主将时基础值提升至20%一40%）延长1回合；此效果每触发3次，治疗友军单体（治疗率20%-40%，受已损兵力影响）且若友军智力高于武力则获得5%一10％攻心，否则获得5%-10%倒戈，持续1回合,,,,,
wu2,SP吕蒙,吴,7,5,81,1.96,89,1.98,91,2.27,37,0.59,78,0.98,82,1.12,B,B,S,S,S,溯江摇橹,被动,S,100%,战斗中，每回合有25%概率净化自身，自身造成伤害时，有17.5%概率使随机敌军单体进入计穷或震慑状态，持续1回合，每回合最多触发1次，受到伤害时，有30%概率对敌军单体造成对应类型的伤害（伤害率25%，受对应属性影响）；自身为主将时，净化的触发概率提高5%,,,,,
wu3,孙尚香,吴,7,5,86,2.39,70,1.18,76,1.26,73,1.11,0,0,0,0,S,B,S,A,C,弓腰姬,指挥,S,100%,发动普通攻击前对敌军单体造成兵刃伤害（伤害率61%），自身拥有功能性增益状态时额外对其造成兵刃伤害（伤害率10％x状态数）并提高9武力，最多叠加5次,,,,,
wu4,张纮,吴,7,5,22,0.32,86,1.33,24,0.61,32,0.61,95,2.67,82,0.84,C,C,B,C,A,奇施经略,内政,S,,武将委任为税务官时，铜币产量提升1.5%,,,,,
wu5,张昭,吴,7,5,3,0.31,84,1.25,33,0.74,50,0.65,97,2.68,80,0.87,C,C,C,B,C,功勋克举,内政,S,,武将委任为主政官时，全资源产量提升1.3%,,,,,
wu6,陆逊,吴,7,5,69,0.42,95,2.6,94,1.88,39,0.72,0,0,0,0,C,B,S,A,A,火烧连营,主动,S,35%,对敌军单体施加灼烧状态（伤害率41%，受智力影响，自身为主将时，伤害率提高至49%），持续3回合，随机施放2次。若目标已有灼烧状态则进行焚营：对敌军全体造成谋略伤害（伤害率31％，受智力影响），之后对另一名敌军施加灼烧状态，若处于灼烧状态的目标同一回合内受到两次焚营伤害，则有30%概率进入震慑状态，持续1回合,,,,,
wu7,SP步练师,吴,6,5,10,0.15,64,2.02,47,1.52,35,0.4,72,1.6,50,2.01,C,C,S,C,A,淑懿之德,指挥,S,100%,战斗中，我军主将每拥有1种功能性状态，使其智力、統率提升1.5%-3%（受智力影响）；第3回合起，每回合有25%一50%概率（受智力影响）使其对敌军单体造成1次谋略伤害（伤害率12.5%—25%*功能性增益状态数）,,,,,
wu8,SP周瑜,吴,6,5,71,1.04,96,2.62,95,1.66,42,0.67,0,0,0,0,B,A,S,A,C,江天长焰,指挥,S,100%,战斗中，每回合使敌军全体受到谋略伤害提高2%（受智力影响），可叠加，并有几率（没有一名敌军处于灼烧或水攻状态时，提高2%）对敌军单体造成谋略伤害（伤害率73％，受智力影响）；自身为主将时，基础概率提高至17.5%且该次攻击目标将锁定敌军兵力最低单体,,,,,
wu9,马忠,吴,6,5,80,1.77,64,1.19,67,1.45,80,1.47,36,0.42,41,0.51,C,A,S,A,A,暗箭难防,主动,S,35%,准备1回合，对敌军群体（2人）发动一次兵刃攻击（伤害率130%-260%）；并有30%-60%概率（受速度影响）捕获敌军单体武将（捕获效果无法被净化），使其无法行动和造成伤害、禁用指挥和被动战法、进入禁疗状态，且无法被其友方武将选中，持续2回合；同时最多捕获一名武将，若施放时已有敌军武将被捕获，则转而对其造成兵刃伤害（伤害率130%-260%）,,,,,
wu10,凌统,吴,6,5,89,1.97,60,0.97,77,1.51,67,1.48,0,0,0,0,S,B,C,A,C,国士将风,指挥,S,100%,战斗前3回合，使自己及友军单体获得先攻（优先行动）和必中（无视规避状态命中目标）状态，造成的伤害提高10％（受速度影响）,,,,,
wu11,鲁肃,吴,6,5,56,0.38,92,2.06,84,1.45,65,1.02,0,0,0,0,B,A,A,A,A,济贫好施,指挥,S,100%,战斗第2回合时，将自身属性的20%移交给兵力最低友军，第3-5回合时，恢复我军兵力最低单体（治疗率142％，受智力影响）并使其受到伤害降低13％（受智力影响），持续1回合,,,,,
wu12,孙权,吴,6,5,67,1.71,80,1.36,79,1.69,77,0.83,0,0,0,0,S,B,S,A,C,坐断东南,指挥,S,100%,战斗中，自身及友军单体成功发动普通攻击后，自身有37.5%几率随机获得连击、洞察、先攻、必中、破阵状态的一种，持续2回合，自身为主将时，优先获得不同的状态,,,,,
wu13,甘宁,吴,6,5,94,2.6,76,0.45,93,1.57,72,1.23,0,0,0,0,A,A,S,S,S,锦帆百翎,被动,S,100%,战斗中，提高自身25%会心几率（触发时兵刃伤害提高100％）及10%会心伤害；自身为主将时，提高友军群体（2人）2.5％会心几率及5％会心伤害,,,,,
wu14,周泰,吴,6,5,91,1.91,48,0.77,84,2.08,53,0.84,0,0,0,0,S,S,A,A,C,肉身铁壁,被动,S,100%,战斗中，为友军承担（15%，友军主将为30%）的伤害结果（承担的兵刃伤害额外受自身统率影响降低），当友军兵力高于70%时，使其造成的伤害提高12%（受统率影响），若主将为孙权，造成伤害提高的基础值增加至20%,,,,,
wu15,吕蒙,吴,6,5,81,1.68,89,1.95,91,1.35,37,0.59,0,0,0,0,B,B,A,S,S,白衣渡江,指挥,S,100%,战斗首回合我军全体获得1次抵御，战斗中，自身造成兵刃伤害时有25%概率使敌军单体缴械（无法进行普通攻击），持续2回合，造成谋略伤害时有25%概率使敌军单体计穷（无法发动主动战法），持续1回合，该效果每回合最多分别触发一次。,,,,,
wu16,太史慈,吴,6,5,93,2.09,69,1.01,90,1.39,67,1.11,0,0,0,0,S,C,S,B,C,神射,被动,S,100%,战斗中，使自己获得连击状态，每回合可以普通攻击2次，并使普通攻击目标统率降低5，可叠加，持续2回合,,,,,
wu17,孙坚,吴,6,5,90,2,79,0.83,94,2.05,34,0.45,0,0,0,0,A,S,B,A,C,江东猛虎,主动,S,35%,对敌军群体（2人）造成63%兵刃伤害，并嘲讽（强迫目标普通攻击自己），持续2回合,,,,,
wu18,陆抗,吴,6,5,63,0.67,87,2.04,91,2.02,51,0.62,0,0,0,0,A,B,S,A,S,校胜帷幄,指挥,S,100%,战斗中，提高已方主将7％奇谋几率（受智力影响，触发时谋略伤害提高100％）及20％奇谋伤害，同时为己方主将分担15%的伤害（自身为主将时无效）,,,,,
wu19,周瑜,吴,6,5,71,0.47,96,2.62,95,1.66,42,0.67,0,0,0,0,B,A,S,A,C,神火计,被动,S,100%,战斗中，每次成功发动主动战法时，有40%几率对敌军全体造成谋略攻击（伤害率34%，受智力影响）；自身为主将时，该次攻击有20%概率对目标施加灼烧状态（伤害率34%，受智力影响），持续1回合,,,,,
wu20,黄盖,吴,5,5,83,1.41,70,1.27,80,1.68,31,0.54,0,0,0,0,B,A,S,A,B,苦肉计,主动,S,55%,对自己造成兵刃伤害（伤害率40%），使敌军单体进入灼烧（伤害率61%，受智力影响）及混乱（攻击和战法无差别选择目标）状态并使自己受到兵刃伤害降低15％，持续2回合,,,,,
wu21,程普,吴,5,5,79,1.19,79,1.44,84,2.06,52,0.89,0,0,0,0,B,A,A,S,B,勇烈持重,被动,S,100%,受到伤害时，有20%~35%概率净化自己负面效果，同时使随机敌军进入震慑状态（无法行动），持续1回合，该效果每回合最多触发一次,,,,,
wu22,孙策,吴,5,5,92,2.07,74,1.06,96,1.37,32,0.76,0,0,0,0,S,B,A,S,A,江东小霸王,被动,S,100%,战斗中，普通攻击后有35%几率对目标再次发起猛攻（伤害率96%）并为我军单体恢复兵力（治疗率28%，受武力影响）；自身为主将时，战斗前2回合，使敌军单体首次受到伤害提高15%,,,,,
wu23,诸葛恪,吴,4,5,47,0.29,90,1.88,72,1.19,10,0.53,80,0.92,80,0.76,C,C,A,S,A,挥兵谋胜,指挥,S,100%,战斗中，每当我军抵御被消耗时，使我军单体恢复一定兵力（治疗率47%-94%，受智力影响），抵御持续时间结束但未消耗时，使我军武力最高武将对敌军随机武将发动一次兵刃攻击（伤害率47%-94%）；战斗前3回合，每回合有30%-*60%概率（受智力影响，自身为主将时，基础概率提升至70%）使我军群体（2-3人）获得1次抵御，持续1回合,,,,,
wu24,大乔,吴,4,5,11,0.3,73,1,57,0.65,80,0.85,78,1.1,92,2.4,C,C,B,C,C,国色,内政,S,,武将委任为贸易官时，贸易比例提升1.5%,,,,,
wu25,小乔,吴,4,5,12,0.35,74,0.95,40,0.7,81,0.9,77,1.05,92,2.35,C,C,B,C,C,天香,内政,S,,提升武将13.5%魅力,,,,,
qun1,SP马超,群,7,5,97,2.77,44,0.76,93,1.75,78,1.95,26,0.3,82,0.6,S,B,B,S,B,威武并昭,被动,S,100%,战斗中，自身每回合获得33%看破（受速度影响，持续1回合，看破：造成伤害时无视目标一定比例的受到伤害降低效果）；敌军主将每回合行动前，自身有33%概率（受双方速度差影响）对敌军速度低于自身的武将发动1次普通攻击；自身主将时，每次判定成功后自身速度提升9点（受双方速度差影响），可叠加；,,,,,
qun2,SP袁绍,群,7,5,69,2.06,70,2.07,81,2.01,62,1.04,0,0,0,0,B,A,S,B,S,高橹连营,被动,S,100%,战斗开始时，架起箭楼，填装10次（次数为0时将失效），每回合发射2次，有50%概率（受武力影响）额外发射1次，对敌军单体造成兵刃伤害（每次目标独立选择，伤害率41%）并有50%概率使其受到伤害提高3%，可叠加2次，首回合额外造成缴械效果，每回合有37.5%概率无法普通攻击，持续2回合；自身为主将时，每回合会填装1次,,,,,
qun3,孟获,群,7,5,87,2.02,42,0.6,87,2.02,52,0.85,0,0,0,0,S,S,B,A,C,南蛮渠魁,被动,S,100%,战斗中，每回合行动时有24.5%几率对敌军全体造成兵刃伤害（伤害率53%），若未生效则提高7%发动概率，自身受到7次普通攻击后会进入1回合震慑（无法行动）状态；自身为主将时，每回合有15%（部队每多1名蛮族武将额外提高15%）概率使全体蛮族造成的伤書提高15%（受自身损失兵力影响，最多80%），持续1回合,,,,,
qun4,于吉,群,7,5,6,0.21,66,2.61,12,1.84,39,0.34,0,0,0,0,C,B,C,C,C,兴云布雨,指挥,S,100%,战斗第2回合开始，使敌军全体进入水攻状态，每回合持续造成伤害（伤害率36％，受智力影响），并使其受到伤害增加5％，持续5回合,,,,,
qun5,董卓,群,7,5,87,1.85,73,1.35,85,2.07,62,1.04,0,0,0,0,A,S,S,B,C,酒池肉林,被动,S,100%,战斗中，每回合使自身兵力减少（1%x回合数），同时每回合获得4%倒戈（造成兵刃伤害时，恢复自身基于伤害量的一定兵力）及15点武力，自身为主将时，战斗第5回合起，若我军副将存活，每回合对敌我全体造成兵刃伤害（伤害率30％）,,,,,
qun6,吕布,群,7,5,100,3.04,26,0.27,97,1.4,74,1.41,0,0,0,0,S,B,S,A,C,天下无双,主动,S,35%,对敌军单体发起决斗，决斗双方轮流向对方普通攻击3次，自己率先出手。决斗途中，双方不受缴械和震慑状态影响，并且可以触发群攻状态和突击战法；自身为主将时，决斗后自身受到兵刃伤害降低3.5%（受武力影响），持续2回合,一骑当千,突击,S,45%,普通攻击之后，对敌军全体发动一次兵刃攻击（伤害率36%）；自身为主将时，该次兵刃攻击更为强力（伤害率54%）
qun7,SP卢植,群,6,5,63,1.04,82,2.07,86,2.05,64,0.55,85,1.76,81,1.65,B,C,S,B,S,国之桢干,指挥,S,100%,战斗中，我军全体统率提升（提升值相当于自身统率的10%一20%）并获得5%一10%倒戈和攻心（受统率影响）；且敌军每有一个指挥或被动战法，我军群体（2-3人）受到兵刃伤害降低1.5%-3%（受统率影响）,,,,,
qun8,SP貂蝉,群,6,5,26,0.45,81,2.02,20,1.89,77,0.33,65,0.8,94,2.68,B,C,S,C,C,离月,指挥,S,100%,战斗中，自身受到治疗时，有40%概率（受智力影响）洽疗友军单体（洽疗率68%，受智力影响），每回合最多触发5次；友军受到治疗时，有40%概率（受智力和魅力影响）使其受到伤害降低3%（受智力影响），可叠加5次，持续2回合：第3回合起，自身行动后对敌军单体造成谋略伤害（伤害率68%，受自身造成溢出治疗量影响，触发后重置累计进度）。,,,,,
qun9,SP董卓,群,6,5,87,1.85,73,1.35,85,2.07,62,1.04,59,0.31,37,0.13,A,S,S,B,C,权僭九鼎,指挥,S,100%,战斗中，敌军受到治疗时，有50%概率（受統率影响）将其中12%（受统率影响）转移到自身；自身受到治疗时，有50%概率（受统率影响）提升5点统率和智力（受统率影响），可叠加99次；,,,,,
qun10,SP张宝,群,6,5,71,0.26,81,1.97,83,1.69,30,0.38,76,0.44,82,0.43,B,S,A,A,S,飞沙走石,主动,S,50%,奇数回合发动时，使敌军群体（2人）智力降低18-36点（受智力影响），持续1回合，并使其陷入2回合水攻状态（伤害率29%一58%）；偶数回合发动时，使敌军随机单体武力与智力数值对换，持续1回合，并使其陷入2回合沙暴状态（伤害率54%-108%）,,,,,
qun11,SP皇甫嵩,群,6,5,61,1.13,73,2.09,92,2.35,18,1.08,57,0.48,72,0.59,A,A,A,S,S,扶危定倾,指挥,S,100%,战斗首回合，使我军全体受到伤害降低19.5%-39%（受自身最高属性影响，自身为主将时，基础值提升至21%-42%）；自身每回合有20%-40%概率（受统率影响）清除我军主将的负面状态并使其武力、智力、統率提升1.5%一3%（受智力影响，可叠加，持续2回合）,,,,,
qun12,SP朱儁,群,6,5,65,1.98,70,1.96,89,2.09,29,0.77,0,0,0,0,C,B,S,B,B,围师必阙,指挥,S,100%,战斗中，当敌军群体（2人）处于溃逃或叛逃状态时压制敌军，使敌军造成的谋略伤害降低19.5%（受统率影响，触发后每回合递减1/3），战斗第2回合，使敌军全体进入叛逃状态（伤害率60％，受武力或智力最高一项影响，无视防御），持续2回合；自身为主将时，谋略伤害降低值提升至22.5%,,,,,
qun13,麹义,群,6,5,77,1.53,51,0.62,80,1.81,51,0.65,19,0.29,21,0.16,B,C,S,C,B,先登死士-自带,兵种,S,100%,将弓兵进阶为悍不畏死的先登死士：战斗中，我军全体免疫遇袭状态，且受到伤害时，有20%一40%概率（受携带者统率影响）触发以下效果：若兵力百分比低于攻击者则偷取其10.5-121点统率，否则降低其1.5%-13%主动战法发动率，持续2回合，可叠加4次；若麴义统领，则可叠加5次,,,,,
qun14,许攸,群,6,5,21,0.12,80,2.01,26,1.94,44,0.92,0,0,0,0,A,A,A,A,A,傲睨王侯,指挥,S,100%,战斗中，发现15个敌军破绽，破绽会分布在全体敌军中，敌军目标受到普通攻击时会触发一个破绽，使该目标降低1.5%武力、智力、统率、速度（受智力影响），可叠加，单个目标的破绽全部触发时，使其进入1回合虚弱状态且受到伤害提高7.5%（受智力影响），持续2回合，场上所有破绽触发后，敌军群体（2人）武力、智力、统率、速度降低10％（受智力影响）,,,,,
qun15,蔡邕,群,6,5,16,0.21,81,1.86,27,0.61,41,0.61,88,2.59,81,1.24,C,C,B,C,C,晓知良木,内政,S,,武将委任为木材官时，木材产量提升1.5%,,,,,
qun16,朵思大王,群,6,5,59,1.1,70,1.98,62,1.84,66,0.71,54,0.89,10,0.54,S,S,A,C,C,毒泉拒蜀,主动,S,40%,对敌军单体（80%概率选择敌军统率最高的武将）施加猛毒，2回合后消失，拥有猛毒的敌军每次受到普通攻击会叠加一层猛毒，最多叠加3层，层数叠满时会立即消失并清楚自身所有战法冷却时间，猛毒消失时会对敌军全体造成谋略伤害（伤害率75%，每有一层猛毒伤害率提高20%，受智力影响），我方蛮族造成的非普通伤害也会增加猛毒层数，该战法发动后会进入1回合冷却。,,,,,
qun17,沮授,群,6,5,35,0.42,90,2.33,78,1.94,46,0.72,0,0,0,0,B,S,S,A,A,监统震军,指挥,S,100%,战斗中，友军群体造成负面状态时，有19%概率（受智力影响）使负面状态持续时间增加1回合（混乱及伪报不生效），自身普通攻击后，对负面状态最多的敌军单体造成谋略伤害（伤害率57%，受智力影响），若敌军都没有负面状态则为损失兵力最多的我军单体恢复兵力（治疗率46%，受智力影响）,,,,,
qun18,袁术,群,6,5,65,1.96,65,1.96,44,1.82,62,1.17,0,0,0,0,S,B,S,B,C,符命自立,被动,S,100%,战斗前2回合中任一回合，自身获得玉玺，提高50%会心几率及奇谋几率，每回合逐渐降低，直至第8回合降至0，自身为主将时，提高主动战法发动几率（12%，准备战法为17.5%），同样为逐渐降低,,,,,
qun19,田丰,群,6,5,29,0.31,93,2.31,72,1.36,61,0.59,0,0,0,0,A,S,B,A,A,竭忠尽智,主动,S,55%,准备1回合，使敌军群体（1-2人）速度降低15%（受智力影响）并进入混乱状态（攻击和战法无差别选择目标），持续2回合，并使友方单体获得1次抵御，持续1回合,,,,,
qun20,吕玲绮,群,6,5,88,2.38,37,0.96,79,1.32,60,1.02,0,0,0,0,S,B,S,A,C,狮子奋迅,主动,S,75%,对敌军单体及额外1-2名敌人造成兵刃攻击（伤害率59%）并使自身主动战法发动几率提高5%（自身为主将时，发动几率提高至7.5%），持续2回合，如果单体目标为敌军主将则使其陷入叛逃状态，每回合持续造成伤害（伤害率51％，受武力或智力最高一项影响，无视防御），持续2回合,,,,,
qun21,祝融夫人,群,6,5,85,2.31,29,0.76,74,1.04,63,0.68,0,0,0,0,S,A,A,A,C,火神英风,指挥,S,100%,战斗前2回合，对敌军全体武将分别有7.5%概率（处于灼烧状态的目标有35%概率）发动兵刃攻击（伤害率71%），战斗第3回合时，使我军群体（2-3人）武力提高10（受武力影响）且自身每回合行动前会治疗我军群体（2人），治疗率79%，受武力影响），持续3回合；自身为主将时，兵刃攻击触发概举提高5%,,,,,
qun22,兀突骨,群,6,5,86,1.82,1,0.01,79,2.32,26,0.38,0,0,0,0,S,S,C,B,C,藤甲兵-自带,兵种,S,100%,将盾兵进阶为刀枪不入的藤甲兵：我军全体受到兵刃伤害降低12%（受统率影响），但处于灼烧状态时每回合额外损失兵力（伤害率300%）；若兀突骨统领，则处于灼烧状态时的损失兵力降低（伤害率250%）,,,,,
qun23,公孙瓒,群,6,5,83,1.88,75,1.62,84,1.62,72,1.46,0,0,0,0,S,C,S,C,B,白马义从-自带,兵种,S,100%,将弓兵进阶为弓马娴熟的自马义从：部队行军速度提高25%，我军全体战斗前2回合获得先攻（优先行动）并提高5%主动战法发动率；若公孙瓒统领，提高发动率受速度影响,,,,,
qun24,袁绍,群,6,5,69,1.83,70,1.65,81,1.84,62,1.04,0,0,0,0,B,S,S,B,S,累世立名,主动,S,40%,准备1回合，对敌军群体（2人）造成一次兵刃攻击（伤害率63%），降低其12统率（受武力影响）并附加灼烧状态，每回合持续造成伤害（伤害率30%，受智力影响），持续2回合，自身为主将时，额外提高我军全体40统率，持续3回合,,,,,
qun25,张角,群,6,5,25,0.4,86,2.38,87,1.41,34,0.59,0,0,0,0,A,S,S,B,A,五雷轰顶,主动,S,35%,准备1回合，对敌军随机单体造成谋略攻击（伤害率68％，受智力影响）并由30%概率使其进入震慑状态（无法行动），持续1回合，共触发5次，每次独立选择目标；自身为主将时，若目标处于水攻状态、沙暴状态时，每多一种提高20%震慑概率,,,,,
qun26,SP张梁,群,5,5,80,1.78,74,1.01,78,1.86,74,1.24,56,0.42,80,0.48,B,A,B,S,A,聚石成金,主动,S,50%,奇数回合发动时，使我军全体统率提升34—68点（对黄巾武将生效时，受主将魅力影响），并使敌军魅力低于我军主将的武将进入禁疗状态，持续2回合；偶数回合发动时，使我军受到的主动战法和突击战法伤害降低12%-24%（对黄巾武将生效时，受统率影响），持续2回合,,,,,
qun27,张让,群,5,5,32,0.67,84,2.02,32,1.71,57,0.76,66,0.83,33,0.45,C,S,A,B,B,窃幸乘宠,指挥,S,100%,我军主将恢复兵力且自身不为主将时，降低其10%治疗量，自身会恢复降低的治疗量，奇书回合对敌军群体（2人）造成谋略伤害（伤害率45%，受智力影响），额外对其中智力低于自身的单位造成谋略伤害（伤害率60％，受智力影响）,,,,,
qun28,高览,群,5,5,82,2.07,68,1.08,76,1.37,61,0.88,0,0,0,0,A,A,B,S,C,振军击营,主动,S,35%,对敌军单体造成兵刃伤害（伤害率117.5%）及禁疗（无法恢复兵力）状态，持续3回合，并使有负面状态的友军单体自带战法发动率提高5％，持续1回合,,,,,
qun29,木鹿大王,群,5,5,71,1.78,39,0.37,65,1.6,51,0.87,0,0,0,0,S,C,C,A,C,象兵-自带,兵种,S,100%,将骑兵进阶为横行无忌的象兵：部队基础攻城值提高25%但行军速度降低50％，将受到伤害的25%延后于3回合内逐步结算，且结算伤害降低10%，自身灼烧时，获得50%群攻及混乱；若蛮族统领，部队每多1名蛮族武将结算的伤害额外降低5%,,,,,
qun30,李儒,群,5,5,26,0.31,83,2.1,61,1.02,59,0.77,0,0,0,0,S,B,A,B,B,鸩毒,主动,S,70%,对敌军单体施加鸩酒，降低其30%武力（受智力影响），持续1回合，1回合后毒发造成谋略攻击（伤害率113%，受智力影响）同时降低其30点统率（受智力影响），可无限叠加，直到战斗结束,,,,,
qun31,高顺,群,5,5,86,1.48,60,0.8,85,1.77,28,0.31,0,0,0,0,C,S,B,C,S,陷阵营-自带,兵种,S,100%,将盾兵进阶为无往不利的陷阵营：我军全体武力、统率提高11点，战斗前3回合获得急救状态，受到伤害时有30%概率获得治疗（治疗率30％，受智力影响）；若高顺统领，则治疗率将额外受统率影响,,,,,
qun32,马腾,群,5,5,80,1.77,52,0.61,82,1.21,57,0.85,0,0,0,0,S,C,B,C,C,西凉铁骑-自带,兵种,S,100%,将骑兵进阶为横行天下的西凉铁骑：战斗前3回合，提高我军全体12.5%会心几率（触发时兵刃伤害提高100%）；若马腾统领，则提高会心几率受速度影响,,,,,
qun33,文丑,群,5,5,93,2.02,47,0.71,89,1.3,55,0.82,0,0,0,0,A,A,S,A,C,登锋陷阵,主动,S,35%,对目标单体造成兵刃攻击（伤害率104%）并缴械（无法普通攻击），同时使自己的统率降低40%，并进入禁疗（无法恢复兵力）状态，持续2回合,,,,,
qun34,华雄,群,5,5,92,2.39,61,0.81,88,1.34,68,1.27,0,0,0,0,S,B,B,A,C,搦战群雄,主动,S,35%,准备1回合，对敌军群体（2人）造成一次兵刃攻击（伤害率100%），随后使自己造成兵刃伤害提高12.5%，受到兵刃伤害降低12.5%（受武力影响），持续2回合,,,,,
qun35,颜良,群,5,5,94,2.1,21,0.59,88,1.26,53,0.83,0,0,0,0,A,A,B,S,C,勇冠三军,突击,S,40%,普通攻击之后，对攻击目标再次发起猛攻（伤害率90%），并使其进入震慑状态（无法行动），持续1回合,,,,,
qun36,华佗,群,5,5,12,0.38,83,2.02,18,1.76,78,1.25,0,0,0,0,C,C,C,C,C,青囊,指挥,S,100%,战斗前4回合，使我军群体（2人）获得20统率（受智力影响）及急救效果，每次受到伤害时有50%几率回复一定兵力（治疗率44％，受智力影响）,,,,,
qun37,左慈,群,5,5,10,0.33,94,2.35,34,0.94,31,0.44,0,0,0,0,C,C,C,C,C,金丹秘术,指挥,S,100%,战斗前2回合，使我军全体获得17.5%规避效果，可免疫伤害，并在战斗第3回合开始，获得休整状态（每回合恢复一次兵力，回复率29％，受智力影响），持续3回合,,,,,
qun38,貂蝉,群,4,5,26,0.45,81,1.97,20,1.89,77,1.32,0,0,0,0,B,C,B,C,C,闭月,主动,S,75%,选择一名敌军为自身分担12.5%（受智力影响）伤害，且当目标为敌军武力最高时进入混乱（攻击和战法无差别选择目标）状态，若为敌军智力最高时进入计穷（无法发动主动战法）状态，否则造成虚弱（无法造成伤害）及禁疗（无法恢复兵力）状态，持续1回合,,,,,
qun39,陈宫,群,4,5,55,0.42,89,1.9,84,1.46,53,0.62,0,0,0,0,A,B,S,A,A,百计多谋,指挥,S,100%,战斗中，每回合都有50%几率使随机敌军单体产生逃兵（伤害率70％，受智力影响，无视防御）,,,,,
qun40,司马徽,群,4,5,8,0.13,92,2.01,21,0.74,63,0.37,94,1.84,86,2.3,C,C,B,C,C,水镜先生,内政,S,,武将委任为寻访使时，提升寻出高阶奖励的几率4.5%,,,,,
qun41,邹氏,群,3,5,6,0.07,77,1.5,24,1.25,64,1.33,0,0,0,0,C,B,C,C,C,顾盼生姿,主动,S,40%,偷取敌军一名男性武将17.5点智力给自身和友军单体（受魅力影响）持续2回合，可叠加2次,,,,,
qun42,董白,群,3,5,70,1.86,51,0.36,63,1.63,55,1.22,56,0.67,77,1.08,C,C,C,B,C,云聚影从,指挥,S,100%,战斗中，自身即将受到普通攻击时，有50％概率（受武力影响）使武力最高的友军单体获得反击效果（伤害率50%）和急救状态，受到伤害时有15%概率恢复自身兵力（治疗率50%，受武力影响），持续1回合，随后使该友军为自身承担此次普通攻击,,,,,
qun43,蔡文姬,群,3,5,11,0.26,77,1.89,61,1.65,71,1.31,0,0,0,0,B,C,C,C,C,胡笳余音,主动,S,55%,治疗我军群体（2人，治疗率61%，受智力影响）并有50%概率使自身及友军单位造成伤害提高13%（受智力影响）、受到伤害降低13%（受智力影响），独立判定，持续2回合,,,,,
qun44,潘凤,群,3,3,77,1.71,4,0.14,56,0.66,68,0.2,14,0.14,25,0.17,A,B,B,A,C,无双上将,主动,B,25%,对敌军武力最高的武将造成兵刃攻击（伤害率246%），并获得破阵（造成伤害时无视目标的统率和智力）状态，持续1回合,,,,,
